tempo_ms,hx_raw,hx_net,invalid,beep_up,beep_down,trim_release,limit_top,limit_bottom,movement,ap,hyd,pos
287,215137,-124,0,0,0,0,0,1,0,0,0,0
578,214918,-343,0,0,0,0,0,1,0,0,0,0
871,215002,-259,0,0,0,0,0,1,0,0,0,0
1162,214842,-419,0,0,0,0,0,1,0,0,0,0
1454,214975,-286,0,0,0,0,0,1,0,0,0,0
1745,214841,-420,0,0,0,0,0,1,0,0,0,0
2037,214978,-283,0,0,0,0,0,1,0,0,0,0
2328,214746,-515,0,0,0,0,0,1,0,0,0,0
2620,215211,-50,0,0,0,0,0,1,0,0,0,0
2912,216196,935,0,0,0,0,0,1,0,0,0,0
3204,229176,13915,0,0,0,0,0,1,0,0,0,0
3495,249867,34606,0,0,0,0,0,1,0,0,0,0
3787,260280,45019,0,0,0,0,0,1,0,0,0,0
4078,274567,59306,0,0,0,0,0,0,0,0,0,0
4370,237917,22656,0,0,1,0,0,0,-1,0,0,0
4661,248345,33084,0,0,1,0,0,0,-1,0,0,0
4953,279126,63865,0,0,1,0,0,0,-1,0,0,0
5244,301633,86372,0,0,1,0,0,0,-1,0,0,0
5537,307087,91826,0,0,1,0,0,0,-1,0,0,0
5828,313005,97744,0,0,1,0,0,0,-1,0,0,0
6120,312834,97573,0,0,1,0,0,0,-1,0,0,0
6411,325930,110669,0,0,1,0,0,0,-1,0,0,0
6703,348124,132863,0,0,1,0,0,0,-1,0,0,0
6994,358328,143067,0,0,1,0,0,0,-1,0,0,0
7286,362355,147094,0,0,1,0,0,0,-1,0,0,0
7577,319613,104352,0,0,1,0,0,0,-1,0,0,0
7870,316092,100831,0,0,1,0,0,0,-1,0,0,0
8161,340307,125046,0,0,1,0,0,0,-1,0,0,0
8453,329724,114463,0,0,1,0,0,0,-1,0,0,0
8744,312973,97712,0,0,1,0,0,0,-1,0,0,0
9036,350097,134836,0,0,1,0,0,0,-1,0,0,0
9327,348963,133702,0,0,1,0,0,0,-1,0,0,0
9619,302978,87717,0,0,1,0,0,0,-1,0,0,0
9910,327080,111819,0,0,1,0,0,0,-1,0,0,0
10203,332498,117237,0,0,1,0,0,0,-1,0,0,0
10494,360485,145224,0,0,0,0,1,0,0,0,0,0
10785,421312,206051,0,0,0,0,1,0,0,0,0,0
11077,416034,200773,0,0,0,0,1,0,0,0,0,0
11368,333839,118578,0,0,0,0,1,0,0,0,0,0
11661,367807,152546,0,0,0,0,1,0,0,0,0,0
11952,363455,148194,0,0,0,0,1,0,0,0,0,0
12244,345391,130130,0,0,0,0,1,0,0,0,0,0
12535,333456,118195,0,1,0,0,0,0,1,0,0,0
12827,326176,110915,0,1,0,0,0,0,1,0,0,0
13118,315598,100337,0,1,0,0,0,0,1,0,0,0
13409,296222,80961,0,1,0,0,0,0,1,0,0,0
13702,287678,72417,0,1,0,0,0,0,1,0,0,0
13993,277864,62603,0,1,0,0,0,0,1,0,0,0
14284,291718,76457,0,1,0,0,0,0,1,0,0,0
14576,287635,72374,0,1,0,0,0,0,1,0,0,0
14868,287046,71785,0,1,0,0,0,0,1,0,0,0
15159,268272,53011,0,0,0,0,0,0,0,0,0,0
15451,259963,44702,0,0,0,0,0,0,0,0,0,0
15743,272800,57539,0,0,0,0,0,0,0,0,0,0
16034,272866,57605,0,0,0,0,0,0,0,0,0,0
16326,273029,57768,0,0,0,0,0,0,0,0,0,0
16617,273183,57922,0,0,0,0,0,0,0,0,0,0
16909,272972,57711,0,0,0,0,0,0,0,0,0,0
17201,272806,57545,0,0,0,0,0,0,0,0,0,0
17492,272824,57563,0,0,0,0,0,0,0,0,0,0
17783,272899,57638,0,0,0,0,0,0,0,0,0,0
18076,272787,57526,0,0,0,0,0,0,0,0,0,0
18367,272518,57257,0,0,0,0,0,0,0,0,0,0
18659,272588,57327,0,0,0,0,0,0,0,0,0,0
18950,272560,57299,0,0,0,0,0,0,0,0,0,0
19242,272399,57138,0,0,0,0,0,0,0,0,0,0
19533,272556,57295,0,0,0,0,0,0,0,0,0,0
19825,272615,57354,0,0,0,0,0,0,0,0,0,0
20116,272476,57215,0,0,0,0,0,0,0,0,0,0
20408,272599,57338,0,0,0,0,0,0,0,0,0,0
20700,272232,56971,0,0,0,0,0,0,0,0,0,0
20992,272196,56935,0,0,0,0,0,0,0,0,0,0
21283,272164,56903,0,0,0,0,0,0,0,0,0,0
21575,272323,57062,0,0,0,0,0,0,0,0,0,0
21866,272960,57699,0,0,0,0,0,0,0,0,0,0
22158,271006,55745,0,0,0,0,0,0,0,0,0,0
22449,271177,55916,0,0,0,0,0,0,0,0,0,0
22741,271468,56207,0,0,0,0,0,0,0,0,0,0
23032,271263,56002,0,0,0,0,0,0,0,0,0,0
23324,271412,56151,0,0,0,0,0,0,0,0,0,0
23615,271465,56204,0,0,0,0,0,0,0,0,0,0
23908,271438,56177,0,0,0,0,0,0,0,0,0,0
24199,271480,56219,0,0,0,0,0,0,0,0,0,0
24491,271578,56317,0,0,0,0,0,0,0,0,0,0
24782,271662,56401,0,0,0,0,0,0,0,0,0,0
25073,271414,56153,0,0,0,0,0,0,0,0,0,0
25365,271314,56053,0,0,0,0,0,0,0,0,0,0
25656,271315,56054,0,0,0,0,0,0,0,0,0,0
25949,271001,55740,0,0,0,0,0,0,0,0,0,0
26240,271698,56437,0,0,0,0,0,0,0,0,0,0
26532,271701,56440,0,0,0,0,0,0,0,0,0,0
26823,271626,56365,0,0,0,0,0,0,0,0,0,0
27115,271639,56378,0,0,0,0,0,0,0,0,0,0
27406,271552,56291,0,0,0,0,0,0,0,0,0,0
27698,271207,55946,0,0,0,0,0,0,0,0,0,0
27990,271083,55822,0,0,0,0,0,0,0,0,0,0
28281,271110,55849,0,0,0,0,0,0,0,0,0,0
28573,271287,56026,0,0,0,0,0,0,0,0,0,0
28864,271349,56088,0,0,0,0,0,0,0,0,0,0
29156,271330,56069,0,0,0,0,0,0,0,0,0,0
29447,271212,55951,0,0,0,0,0,0,0,0,0,0
29739,271323,56062,0,0,0,0,0,0,0,0,0,0
30031,271013,55752,0,0,0,0,0,0,0,0,0,0
30322,271269,56008,0,0,0,0,0,0,0,0,0,0
30614,271192,55931,0,1,0,0,0,0,1,0,0,0
30906,267266,52005,0,0,0,0,0,0,0,0,0,0
31197,264846,49585,0,0,0,0,0,0,0,0,0,0
31488,264650,49389,0,0,0,0,0,0,0,0,0,0
31780,264519,49258,0,0,0,0,0,0,0,0,0,0
32071,264649,49388,0,0,0,0,0,0,0,0,0,0
32364,264708,49447,0,0,0,0,0,0,0,0,0,0
32655,264732,49471,0,0,0,0,0,0,0,0,0,0
32947,264684,49423,0,0,0,0,0,0,0,0,0,0
33238,264531,49270,0,0,0,0,0,0,0,0,0,0
33529,264553,49292,0,0,0,0,0,0,0,0,0,0
33821,264255,48994,0,0,0,0,0,0,0,0,0,0
34113,264426,49165,0,0,0,0,0,0,0,0,0,0
34404,264424,49163,0,0,0,0,0,0,0,0,0,0
34695,264500,49239,0,0,0,0,0,0,0,0,0,0
34988,264749,49488,0,0,0,0,0,0,0,0,0,0
35279,264452,49191,0,0,0,0,0,0,0,0,0,0
35571,264463,49202,0,0,0,0,0,0,0,0,0,0
35863,264260,48999,0,0,0,0,0,0,0,0,0,0
36154,264337,49076,0,0,0,0,0,0,0,0,0,0
36446,264421,49160,0,0,0,0,0,0,0,0,0,0
36737,264521,49260,0,0,0,0,0,0,0,0,0,0
37028,264660,49399,0,0,0,0,0,0,0,0,0,0
37320,264506,49245,0,0,0,0,0,0,0,0,0,0
37612,264547,49286,0,0,0,0,0,0,0,0,0,0
37903,264356,49095,0,0,0,0,0,0,0,0,0,0
38195,264361,49100,0,0,0,0,0,0,0,0,0,0
38486,264492,49231,0,0,0,0,0,0,0,0,0,0
38778,264335,49074,0,0,0,0,0,0,0,0,0,0
39070,264425,49164,0,0,0,0,0,0,0,0,0,0
39361,264426,49165,0,0,0,0,0,0,0,0,0,0
39653,264576,49315,0,0,0,0,0,0,0,0,0,0
39944,264441,49180,0,0,0,0,0,0,0,0,0,0
40237,264495,49234,0,0,0,0,0,0,0,0,0,0
40528,264606,49345,0,0,0,0,0,0,0,0,0,0
40819,264831,49570,0,0,0,0,0,0,0,0,0,0
41111,264834,49573,0,0,0,0,0,0,0,0,0,0
41402,264635,49374,0,0,0,0,0,0,0,0,0,0
41694,264699,49438,0,0,0,0,0,0,0,0,0,0
41986,264920,49659,0,0,0,0,0,0,0,0,0,0
42277,264778,49517,0,0,0,0,0,0,0,0,0,0
42569,264666,49405,0,0,0,0,0,0,0,0,0,0
42860,264734,49473,0,0,0,0,0,0,0,0,0,0
43151,264824,49563,0,0,0,0,0,0,0,0,0,0
43444,264833,49572,0,0,0,0,0,0,0,0,0,0
43735,264680,49419,0,0,0,0,0,0,0,0,0,0
44027,264784,49523,0,0,0,0,0,0,0,0,0,0
44318,264827,49566,0,0,0,0,0,0,0,0,0,0
44610,264726,49465,0,0,0,0,0,0,0,0,0,0
44901,264765,49504,0,0,0,0,0,0,0,0,0,0
45193,264791,49530,0,0,0,0,0,0,0,0,0,0
45485,264884,49623,0,0,0,0,0,0,0,0,0,0
45776,264813,49552,0,0,0,0,0,0,0,0,0,0
46068,264678,49417,0,0,0,0,0,0,0,0,0,0
46359,264567,49306,0,0,0,0,0,0,0,0,0,0
46650,264648,49387,0,0,0,0,0,0,0,0,0,0
46943,264726,49465,0,0,0,0,0,0,0,0,0,0
47234,264741,49480,0,0,0,0,0,0,0,0,0,0
47526,264677,49416,0,0,0,0,0,0,0,0,0,0
47817,264729,49468,0,0,0,0,0,0,0,0,0,0
48109,264629,49368,0,0,0,0,0,0,0,0,0,0
48400,264770,49509,0,0,0,0,0,0,0,0,0,0
48692,264734,49473,0,0,0,0,0,0,0,0,0,0
48984,264849,49588,0,0,0,0,0,0,0,0,0,0
49275,264882,49621,0,0,0,0,0,0,0,0,0,0
49567,264711,49450,0,0,0,0,0,0,0,0,0,0
49858,264667,49406,0,0,0,0,0,0,0,0,0,0
50150,264493,49232,0,0,0,0,0,0,0,0,0,0
50441,264690,49429,0,0,0,0,0,0,0,0,0,0
50733,264659,49398,0,0,0,0,0,0,0,0,0,0
51024,264768,49507,0,0,0,0,0,0,0,0,0,0
51317,269255,53994,0,0,0,0,0,0,0,0,0,0
51608,270398,55137,0,0,0,0,0,0,0,0,0,0
51899,270524,55263,0,0,0,0,0,0,0,0,0,0
52191,270393,55132,0,0,0,0,0,0,0,0,0,0
52482,270382,55121,0,0,0,0,0,0,0,0,0,0
52774,270243,54982,0,0,0,0,0,0,0,0,0,0
53065,270188,54927,0,0,0,0,0,0,0,0,0,0
53357,271563,56302,0,0,0,0,0,0,0,0,0,0
53649,271498,56237,0,0,0,0,0,0,0,0,0,0
53940,271747,56486,0,0,0,0,0,0,0,0,0,0
54232,271798,56537,0,0,0,0,0,0,0,0,0,0
54523,271685,56424,0,0,0,0,0,0,0,0,0,0
54814,271470,56209,0,0,0,0,0,0,0,0,0,0
55107,271548,56287,0,0,0,0,0,0,0,0,0,0
55398,271579,56318,0,0,0,0,0,0,0,0,0,0
55690,271635,56374,0,0,0,0,0,0,0,0,0,0
55981,271349,56088,0,0,0,0,0,0,0,0,0,0
56273,271501,56240,0,0,0,0,0,0,0,0,0,0
56564,271387,56126,0,0,0,0,0,0,0,0,0,0
56856,271436,56175,0,0,0,0,0,0,0,0,0,0
57147,271499,56238,0,0,0,0,0,0,0,0,0,0
57438,271477,56216,0,0,0,0,0,0,0,0,0,0
57731,271514,56253,0,0,0,0,0,0,0,0,0,0
58022,271434,56173,0,0,0,0,0,0,0,0,0,0
58314,271517,56256,0,0,0,0,0,0,0,0,0,0
58605,271512,56251,0,0,0,0,0,0,0,0,0,0
58897,271298,56037,0,0,0,0,0,0,0,0,0,0
59188,271179,55918,0,0,0,0,0,0,0,0,0,0
59480,271403,56142,0,0,0,0,0,0,0,0,0,0
59771,271427,56166,0,0,0,0,0,0,0,0,0,0
60063,271568,56307,0,0,0,0,0,0,0,0,0,0
60355,271576,56315,0,0,0,0,0,0,0,0,0,0
60646,271021,55760,0,0,0,0,0,0,0,0,0,0
60938,265094,49833,0,0,0,0,0,0,0,0,0,0
61229,264208,48947,0,0,0,0,0,0,0,0,0,0
61521,264121,48860,0,0,0,0,0,0,0,0,0,0
61812,264231,48970,0,0,0,0,0,0,0,0,0,0
62104,264142,48881,0,0,0,0,0,0,0,0,0,0
62395,264064,48803,0,0,0,0,0,0,0,0,0,0
62687,263994,48733,0,0,0,0,0,0,0,0,0,0
62978,263930,48669,0,0,0,0,0,0,0,0,0,0
63270,264007,48746,0,0,0,0,0,0,0,0,0,0
63562,263994,48733,0,0,0,0,0,0,0,0,0,0
63854,263988,48727,0,0,0,0,0,0,0,0,0,0
64145,264034,48773,0,0,0,0,0,0,0,0,0,0
64436,263962,48701,0,0,0,0,0,0,0,0,0,0
64728,263816,48555,0,0,0,0,0,0,0,0,0,0
65019,263925,48664,0,0,0,0,0,0,0,0,0,0
65311,263946,48685,0,0,0,0,0,0,0,0,0,0
65602,263901,48640,0,0,0,0,0,0,0,0,0,0
65894,264149,48888,0,0,0,0,0,0,0,0,0,0
66186,264397,49136,0,0,0,0,0,0,0,0,0,0
66477,264218,48957,0,0,0,0,0,0,0,0,0,0
66769,263545,48284,0,0,0,0,0,0,0,0,0,0
67060,263576,48315,0,0,0,0,0,0,0,0,0,0
67352,263377,48116,0,0,0,0,0,0,0,0,0,0
67643,263467,48206,0,0,0,0,0,0,0,0,0,0
67935,263513,48252,0,0,0,0,0,0,0,0,0,0
68226,263557,48296,0,0,0,0,0,0,0,0,0,0
68518,263456,48195,0,0,0,0,0,0,0,0,0,0
68809,263259,47998,0,0,0,0,0,0,0,0,0,0
69101,263935,48674,0,0,0,0,0,0,0,0,0,0
69393,269892,54631,0,0,0,0,0,0,0,0,0,0
69684,270701,55440,0,0,0,0,0,0,0,0,0,0
69976,270803,55542,0,0,0,0,0,0,0,0,0,0
70267,270575,55314,0,0,0,0,0,0,0,0,0,0
70559,270705,55444,0,0,0,0,0,0,0,0,0,0
70850,270649,55388,0,0,0,0,0,0,0,0,0,0
71141,270666,55405,0,0,0,0,0,0,0,0,0,0
71433,270629,55368,0,0,0,0,0,0,0,0,0,0
71724,270706,55445,0,0,0,0,0,0,0,0,0,0
72017,270800,55539,0,0,0,0,0,0,0,0,0,0
72308,270786,55525,0,0,0,0,0,0,0,0,0,0
72600,270706,55445,0,0,0,0,0,0,0,0,0,0
72891,270546,55285,0,0,0,0,0,0,0,0,0,0
73183,270440,55179,0,0,0,0,0,0,0,0,0,0
73474,270548,55287,0,0,0,0,0,0,0,0,0,0
73766,270484,55223,0,0,0,0,0,0,0,0,0,0
74057,270640,55379,0,0,0,0,0,0,0,0,0,0
74348,271573,56312,0,0,0,0,0,0,0,0,0,0
74640,270383,55122,0,0,0,0,0,0,0,0,0,0
74932,270643,55382,0,0,0,0,0,0,0,0,0,0
75224,270896,55635,0,0,0,0,0,0,0,0,0,0
75515,270809,55548,0,0,0,0,0,0,0,0,0,0
75807,270972,55711,0,0,0,0,0,0,0,0,0,0
76098,270666,55405,0,0,0,0,0,0,0,0,0,0
76390,270744,55483,0,0,0,0,0,0,0,0,0,0
76681,270959,55698,0,0,0,0,0,0,0,0,0,0
76972,270957,55696,0,0,0,0,0,0,0,0,0,0
77264,270933,55672,0,0,0,0,0,0,0,0,0,0
77555,270601,55340,0,0,0,0,0,0,0,0,0,0
77847,271005,55744,0,0,0,0,0,0,0,0,0,0
78139,270791,55530,0,0,0,0,0,0,0,0,0,0
78430,270754,55493,0,0,0,0,0,0,0,0,0,0
78722,270534,55273,0,0,0,0,0,0,0,0,0,0
79013,270535,55274,0,0,0,0,0,0,0,0,0,0
79305,270824,55563,0,0,0,0,0,0,0,0,0,0
79596,270836,55575,0,0,0,0,0,0,0,0,0,0
79887,270696,55435,0,0,0,0,0,0,0,0,0,0
80180,270664,55403,0,0,0,0,0,0,0,0,0,0
80471,270654,55393,0,0,0,0,0,0,0,0,0,0
80763,270949,55688,0,0,0,0,0,0,0,0,0,0
81054,271266,56005,0,0,0,0,0,0,0,0,0,0
81346,271378,56117,0,0,0,0,0,0,0,0,0,0
81637,270719,55458,0,0,0,0,0,0,0,0,0,0
81929,270483,55222,0,0,0,0,0,0,0,0,0,0
82220,270945,55684,0,0,0,0,0,0,0,0,0,0
82511,271056,55795,0,0,0,0,0,0,0,0,0,0
82804,271063,55802,0,0,0,0,0,0,0,0,0,0
83095,271954,56693,0,0,0,0,0,0,0,0,0,0
83387,271927,56666,0,0,0,0,0,0,0,0,0,0
83678,271679,56418,0,0,0,0,0,0,0,0,0,0
83969,272076,56815,0,0,0,0,0,0,0,0,0,0
84261,271846,56585,0,0,0,0,0,0,0,0,0,0
84552,271763,56502,0,0,0,0,0,0,0,0,0,0
84844,271942,56681,0,0,0,0,0,0,0,0,0,0
85136,271854,56593,0,0,0,0,0,0,0,0,0,0
85427,271119,55858,0,0,0,0,0,0,0,0,0,0
85719,264781,49520,0,0,0,0,0,0,0,0,0,0
86010,270054,54793,0,0,0,0,0,0,0,0,0,0
86302,271120,55859,0,0,0,0,0,0,0,0,0,0
86593,271249,55988,0,0,0,0,0,0,0,0,0,0
86885,271201,55940,0,0,0,0,0,0,0,0,0,0
87177,271152,55891,0,0,0,0,0,0,0,0,0,0
87468,270932,55671,0,0,0,0,0,0,0,0,0,0
87759,271177,55916,0,0,0,0,0,0,0,0,0,0
88051,270977,55716,0,0,0,0,0,0,0,0,0,0
88343,271239,55978,0,0,0,0,0,0,0,0,0,0
88634,271094,55833,0,0,0,0,0,0,0,0,0,0
88925,271068,55807,0,0,0,0,0,0,0,0,0,0
89217,271247,55986,0,0,0,0,0,0,0,0,0,0
89509,271178,55917,0,0,0,0,0,0,0,0,0,0
89800,271082,55821,0,0,0,0,0,0,0,0,0,0
90092,270597,55336,0,0,0,0,0,0,0,0,0,0
90383,270747,55486,0,0,0,0,0,0,0,0,0,0
90675,270735,55474,0,0,0,0,0,0,0,0,0,0
90966,270274,55013,0,0,0,0,0,0,0,0,0,0
91258,270341,55080,0,0,0,0,0,0,0,0,0,0
91550,270553,55292,0,0,0,0,0,0,0,0,0,0
91841,270813,55552,0,0,0,0,0,0,0,0,0,0
92133,271062,55801,0,0,0,0,0,0,0,0,0,0
92424,271617,56356,0,0,0,0,0,0,0,0,0,0
92716,271525,56264,0,0,0,0,0,0,0,0,0,0
93007,271545,56284,0,0,0,0,0,0,0,0,0,0
93298,271258,55997,0,0,0,0,0,0,0,0,0,0
93591,271310,56049,0,0,0,0,0,0,0,0,0,0
93882,270930,55669,0,0,0,0,0,0,0,0,0,0
94173,270766,55505,0,0,0,0,0,0,0,0,0,0
94465,270902,55641,0,0,0,0,0,0,0,0,0,0
94756,271110,55849,0,0,0,0,0,0,0,0,0,0
95048,270760,55499,0,0,0,0,0,0,0,0,0,0
95340,270713,55452,0,0,0,0,0,0,0,0,0,0
95631,270571,55310,0,0,0,0,0,0,0,0,0,0
95923,270584,55323,0,0,0,0,0,0,0,0,0,0
96214,271175,55914,0,0,0,0,0,0,0,0,0,0
96505,271143,55882,0,0,0,0,0,0,0,0,0,0
96797,270661,55400,0,0,0,0,0,0,0,0,0,0
97088,270497,55236,0,0,0,0,0,0,0,0,0,0
97381,270453,55192,0,0,0,0,0,0,0,0,0,0
97672,270625,55364,0,0,0,0,0,0,0,0,0,0
97963,270547,55286,0,0,0,0,0,0,0,0,0,0
98255,270338,55077,0,0,0,0,0,0,0,0,0,0
98546,270395,55134,0,0,0,0,0,0,0,0,0,0
98838,270474,55213,0,0,0,0,0,0,0,0,0,0
99129,270365,55104,0,0,0,0,0,0,0,0,0,0
99421,270685,55424,0,0,0,0,0,0,0,0,0,0
99713,270488,55227,0,0,0,0,0,0,0,0,0,0
100004,270405,55144,0,0,0,0,0,0,0,0,0,0
100295,270093,54832,0,0,0,0,0,0,0,0,0,0
100587,270223,54962,0,0,0,0,0,0,0,0,0,0
100878,270390,55129,0,0,0,0,0,0,0,0,0,0
101171,270543,55282,0,0,0,0,0,0,0,0,0,0
101462,270819,55558,0,0,0,0,0,0,0,0,0,0
101753,270901,55640,0,0,0,0,0,0,0,0,0,0
102045,271081,55820,0,0,0,0,0,0,0,0,0,0
102336,271187,55926,0,0,0,0,0,0,0,0,0,0
102627,271385,56124,0,0,0,0,0,0,0,0,0,0
102919,271368,56107,0,0,0,0,0,0,0,0,0,0
103211,271758,56497,0,0,0,0,0,0,0,0,0,0
103503,271687,56426,0,0,0,0,0,0,0,0,0,0
103794,271855,56594,0,0,0,0,0,0,0,0,0,0
104085,271972,56711,0,0,0,0,0,0,0,0,0,0
104377,271763,56502,0,0,0,0,0,0,0,0,0,0
104668,271580,56319,0,0,0,0,0,0,0,0,0,0
104959,271640,56379,0,0,0,0,0,0,0,0,0,0
105252,271794,56533,0,0,0,0,0,0,0,0,0,0
105543,271788,56527,0,0,0,0,0,0,0,0,0,0
105835,271807,56546,0,0,0,0,0,0,0,0,0,0
106126,271751,56490,0,0,0,0,0,0,0,0,0,0
106417,271251,55990,0,0,0,0,0,0,0,0,0,0
106709,271517,56256,0,0,0,0,0,0,0,0,0,0
107001,271852,56591,0,0,0,0,0,0,0,0,0,0
107292,271521,56260,0,0,0,0,0,0,0,0,0,0
107584,271353,56092,0,0,0,0,0,0,0,0,0,0
107875,271149,55888,0,0,0,0,0,0,0,0,0,0
108166,271265,56004,0,0,0,0,0,0,0,0,0,0
108458,271895,56634,0,0,0,0,0,0,0,0,0,0
108750,271297,56036,0,0,0,0,0,0,0,0,0,0
109041,271298,56037,0,0,0,0,0,0,0,0,0,0
109333,271615,56354,0,0,0,0,0,0,0,0,0,0
109624,272083,56822,0,0,0,0,0,0,0,0,0,0
109916,272091,56830,0,0,0,0,0,0,0,0,0,0
110207,271718,56457,0,0,0,0,0,0,0,0,0,0
110498,271336,56075,0,0,0,0,0,0,0,0,0,0
110791,271068,55807,0,0,0,0,0,0,0,0,0,0
111082,271093,55832,0,0,0,0,0,0,0,0,0,0
111373,271640,56379,0,0,0,0,0,0,0,0,0,0
111665,271640,56379,0,0,0,0,0,0,0,0,0,0
111956,271332,56071,0,0,0,0,0,0,0,0,0,0
112247,271133,55872,0,0,0,0,0,0,0,0,0,0
112540,271326,56065,0,0,0,0,0,0,0,0,0,0
112831,271437,56176,0,0,0,0,0,0,0,0,0,0
113122,271079,55818,0,0,0,0,0,0,0,0,0,0
113414,271603,56342,0,0,0,0,0,0,0,0,0,0
113705,271285,56024,0,0,0,0,0,0,0,0,0,0
113997,270566,55305,0,0,0,0,0,0,0,0,0,0
114288,270711,55450,0,0,0,0,0,0,0,0,0,0
114580,270745,55484,0,0,0,0,0,0,0,0,0,0
114872,270690,55429,0,0,0,0,0,0,0,0,0,0
115163,270615,55354,0,0,0,0,0,0,0,0,0,0
115454,270817,55556,0,0,0,0,0,0,0,0,0,0
115746,270854,55593,0,0,0,0,0,0,0,0,0,0
116037,270848,55587,0,0,0,0,0,0,0,0,0,0
116328,270947,55686,0,0,0,0,0,0,0,0,0,0
116621,270901,55640,0,0,0,0,0,0,0,0,0,0
116912,270830,55569,0,0,0,0,0,0,0,0,0,0
117204,270912,55651,0,0,0,0,0,0,0,0,0,0
117495,269855,54594,0,0,0,0,0,0,0,0,0,0
117786,269596,54335,0,0,0,0,0,0,0,0,0,0
118078,269594,54333,0,0,0,0,0,0,0,0,0,0
118369,269850,54589,0,0,0,0,0,0,0,0,0,0
118661,269943,54682,0,0,0,0,0,0,0,0,0,0
118953,269785,54524,0,0,0,0,0,0,0,0,0,0
119244,269770,54509,0,0,0,0,0,0,0,0,0,0
119536,269656,54395,0,0,0,0,0,0,0,0,0,0
119827,269708,54447,0,0,0,0,0,0,0,0,0,0
120118,269495,54234,0,0,0,0,0,0,0,0,0,0
120410,269787,54526,0,0,0,0,0,0,0,0,0,0
120701,269714,54453,0,0,0,0,0,0,0,0,0,0
120993,270116,54855,0,0,0,0,0,0,0,0,0,0
121285,270046,54785,0,0,0,0,0,0,0,0,0,0
121576,270058,54797,0,0,0,0,0,0,0,0,0,0
121868,269969,54708,0,0,0,0,0,0,0,0,0,0
122159,269878,54617,0,0,0,0,0,0,0,0,0,0
122451,269950,54689,0,0,0,0,0,0,0,0,0,0
122742,267951,52690,0,0,0,0,0,0,0,0,0,0
123033,264192,48931,0,0,0,0,0,0,0,0,0,0
123325,264114,48853,0,0,0,0,0,0,0,0,0,0
123616,264186,48925,0,0,0,0,0,0,0,0,0,0
123909,264056,48795,0,0,0,0,0,0,0,0,0,0
124200,264215,48954,0,0,0,0,0,0,0,0,0,0
124491,264366,49105,0,0,0,0,0,0,0,0,0,0
124783,264641,49380,0,0,0,0,0,0,0,0,0,0
125074,264606,49345,0,0,0,0,0,0,0,0,0,0
125365,264810,49549,0,0,0,0,0,0,0,0,0,0
125657,264858,49597,0,0,0,0,0,0,0,0,0,0
125948,264827,49566,0,0,0,0,0,0,0,0,0,0
126241,265112,49851,0,0,0,0,0,0,0,0,0,0
126532,265292,50031,0,0,0,0,0,0,0,0,0,0
126823,265042,49781,0,0,0,0,0,0,0,0,0,0
127115,264975,49714,0,0,0,0,0,0,0,0,0,0
127406,264965,49704,0,0,0,0,0,0,0,0,0,0
127697,265227,49966,0,0,0,0,0,0,0,0,0,0
127990,265007,49746,0,0,0,0,0,0,0,0,0,0
128281,265155,49894,0,0,0,0,0,0,0,0,0,0
128572,265083,49822,0,0,0,0,0,0,0,0,0,0
128864,265429,50168,0,0,0,0,0,0,0,0,0,0
129155,264974,49713,0,0,0,0,0,0,0,0,0,0
129446,265446,50185,0,0,0,0,0,0,0,0,0,0
129739,265245,49984,0,0,0,0,0,0,0,0,0,0
130030,265242,49981,0,0,0,0,0,0,0,0,0,0
130322,265664,50403,0,0,0,0,0,0,0,0,0,0
130613,265468,50207,0,0,0,0,0,0,0,0,0,0
130904,265407,50146,0,0,0,0,0,0,0,0,0,0
131196,265142,49881,0,0,0,0,0,0,0,0,0,0
131487,265580,50319,0,0,0,0,0,0,0,0,0,0
131779,265197,49936,0,0,0,0,0,0,0,0,0,0
132071,265453,50192,0,0,0,0,0,0,0,0,0,0
132362,265244,49983,0,0,0,0,0,0,0,0,0,0
132653,265051,49790,0,0,0,0,0,0,0,0,0,0
132945,265243,49982,0,0,0,0,0,0,0,0,0,0
133236,265255,49994,0,0,0,0,0,0,0,0,0,0
133528,265554,50293,0,0,0,0,0,0,0,0,0,0
133820,265222,49961,0,0,0,0,0,0,0,0,0,0
134111,265264,50003,0,0,0,0,0,0,0,0,0,0
134403,265449,50188,0,0,0,0,0,0,0,0,0,0
134694,265209,49948,0,0,0,0,0,0,0,0,0,0
134985,265449,50188,0,0,0,0,0,0,0,0,0,0
135277,265235,49974,0,0,0,0,0,0,0,0,0,0
135568,265143,49882,0,0,0,0,0,0,0,0,0,0
135860,265061,49800,0,0,0,0,0,0,0,0,0,0
136152,265273,50012,0,0,0,0,0,0,0,0,0,0
136443,265744,50483,0,0,0,0,0,0,0,0,0,0
136734,265827,50566,0,0,0,0,0,0,0,0,0,0
137026,265776,50515,0,0,0,0,0,0,0,0,0,0
137317,265671,50410,0,0,0,0,0,0,0,0,0,0
137609,265915,50654,0,0,0,0,0,0,0,0,0,0
137901,266061,50800,0,0,0,0,0,0,0,0,0,0
138192,266240,50979,0,0,0,0,0,0,0,0,0,0
138484,265989,50728,0,0,0,0,0,0,0,0,0,0
138775,266007,50746,0,0,0,0,0,0,0,0,0,0
139066,265968,50707,0,0,0,0,0,0,0,0,0,0
139359,265781,50520,0,0,0,0,0,0,0,0,0,0
139650,266051,50790,0,0,0,0,0,0,0,0,0,0
139941,265992,50731,0,0,0,0,0,0,0,0,0,0
140233,265883,50622,0,0,0,0,0,0,0,0,0,0
140524,265802,50541,0,0,0,0,0,0,0,0,0,0
140815,266017,50756,0,0,0,0,0,0,0,0,0,0
141107,266093,50832,0,0,0,0,0,0,0,0,0,0
141399,265859,50598,0,0,0,0,0,0,0,0,0,0
141690,265796,50535,0,0,0,0,0,0,0,0,0,0
141981,265987,50726,0,0,0,0,0,0,0,0,0,0
142273,265855,50594,0,0,0,0,0,0,0,0,0,0
142564,265810,50549,0,0,0,0,0,0,0,0,0,0
142855,265858,50597,0,0,0,0,0,0,0,0,0,0
143148,265914,50653,0,0,0,0,0,0,0,0,0,0
143439,265963,50702,0,0,0,0,0,0,0,0,0,0
143730,265963,50702,0,0,0,0,0,0,0,0,0,0
144022,265799,50538,0,0,0,0,0,0,0,0,0,0
144313,265334,50073,0,0,0,0,0,0,0,0,0,0
144604,265792,50531,0,0,0,0,0,0,0,0,0,0
144897,265798,50537,0,0,0,0,0,0,0,0,0,0
145188,265660,50399,0,0,0,0,0,0,0,0,0,0
145479,265685,50424,0,0,0,0,0,0,0,0,0,0
145771,265625,50364,0,0,0,0,0,0,0,0,0,0
146062,265632,50371,0,0,0,0,0,0,0,0,0,0
146353,265401,50140,0,0,0,0,0,0,0,0,0,0
146644,265451,50190,0,0,0,0,0,0,0,0,0,0
146937,265491,50230,0,0,0,0,0,0,0,0,0,0
147228,265649,50388,0,0,0,0,0,0,0,0,0,0
147519,265602,50341,0,0,0,0,0,0,0,0,0,0
147811,265481,50220,0,0,0,0,0,0,0,0,0,0
148102,265358,50097,0,0,0,0,0,0,0,0,0,0
148393,265549,50288,0,0,0,0,0,0,0,0,0,0
148685,265717,50456,0,0,0,0,0,0,0,0,0,0
148977,265722,50461,0,0,0,0,0,0,0,0,0,0
149268,265631,50370,0,0,0,0,0,0,0,0,0,0
149560,265453,50192,0,0,0,0,0,0,0,0,0,0
149851,265368,50107,0,0,0,0,0,0,0,0,0,0
150142,265401,50140,0,0,0,0,0,0,0,0,0,0
150433,265509,50248,0,0,0,0,0,0,0,0,0,0
150726,265704,50443,0,0,0,0,0,0,0,0,0,0
151017,265774,50513,0,0,0,0,0,0,0,0,0,0
151308,265757,50496,0,0,0,0,0,0,0,0,0,0
151599,265746,50485,0,0,0,0,0,0,0,0,0,0
151891,265371,50110,0,0,0,0,0,0,0,0,0,0
152182,265501,50240,0,0,0,0,0,0,0,0,0,0
152474,265471,50210,0,0,0,0,0,0,0,0,0,0
152766,265522,50261,0,0,0,0,0,0,0,0,0,0
153057,265467,50206,0,0,0,0,0,0,0,0,0,0
153348,265552,50291,0,0,0,0,0,0,0,0,0,0
153640,265371,50110,0,0,0,0,0,0,0,0,0,0
153931,265220,49959,0,0,0,0,0,0,0,0,0,0
154222,265468,50207,0,0,0,0,0,0,0,0,0,0
154515,265634,50373,0,0,0,0,0,0,0,0,0,0
154806,265292,50031,0,0,0,0,0,0,0,0,0,0
155097,265048,49787,0,0,0,0,0,0,0,0,0,0
155388,265192,49931,0,0,0,0,0,0,0,0,0,0
155680,265493,50232,0,0,0,0,0,0,0,0,0,0
155971,265528,50267,0,0,0,0,0,0,0,0,0,0
156263,265814,50553,0,0,0,0,0,0,0,0,0,0
156555,265876,50615,0,0,0,0,0,0,0,0,0,0
156846,265714,50453,0,0,0,0,0,0,0,0,0,0
157137,264649,49388,0,0,0,0,0,0,0,0,0,0
157429,265238,49977,0,0,0,0,0,0,0,0,0,0
157720,265298,50037,0,0,0,0,0,0,0,0,0,0
158011,265503,50242,0,0,0,0,0,0,0,0,0,0
158303,265654,50393,0,0,0,0,0,0,0,0,0,0
158595,265494,50233,0,0,0,0,0,0,0,0,0,0
158886,266019,50758,0,0,0,0,0,0,0,0,0,0
159177,265897,50636,0,0,0,0,0,0,0,0,0,0
159469,265653,50392,0,0,0,0,0,0,0,0,0,0
159760,265851,50590,0,0,0,0,0,0,0,0,0,0
160051,265878,50617,0,0,0,0,0,0,0,0,0,0
160344,265941,50680,0,0,0,0,0,0,0,0,0,0
160635,265728,50467,0,0,0,0,0,0,0,0,0,0
160926,265760,50499,0,0,0,0,0,0,0,0,0,0
161218,265893,50632,0,0,0,0,0,0,0,0,0,0
161509,265828,50567,0,0,0,0,0,0,0,0,0,0
161800,265754,50493,0,0,0,0,0,0,0,0,0,0
162092,266253,50992,0,0,0,0,0,0,0,0,0,0
162384,265786,50525,0,0,0,0,0,0,0,0,0,0
162675,265811,50550,0,0,0,0,0,0,0,0,0,0
162966,266069,50808,0,0,0,0,0,0,0,0,0,0
163258,266232,50971,0,0,0,0,0,0,0,0,0,0
163549,266233,50972,0,0,0,0,0,0,0,0,0,0
163840,266281,51020,0,0,0,0,0,0,0,0,0,0
164133,265972,50711,0,0,0,0,0,0,0,0,0,0
164424,265487,50226,0,0,0,0,0,0,0,0,0,0
164715,265179,49918,0,0,0,0,0,0,0,0,0,0
165007,265100,49839,0,0,0,0,0,0,0,0,0,0
165298,265114,49853,0,0,0,0,0,0,0,0,0,0
165589,265616,50355,0,0,0,0,0,0,0,0,0,0
165881,265345,50084,0,0,0,0,0,0,0,0,0,0
166173,265894,50633,0,0,0,0,0,0,0,0,0,0
166464,265980,50719,0,0,0,0,0,0,0,0,0,0
166756,265849,50588,0,0,0,0,0,0,0,0,0,0
167047,266096,50835,0,0,0,0,0,0,0,0,0,0
167338,266221,50960,0,0,0,0,0,0,0,0,0,0
167629,266062,50801,0,0,0,0,0,0,0,0,0,0
167921,266321,51060,0,0,0,0,0,0,0,0,0,0
168213,266340,51079,0,0,0,0,0,0,0,0,0,0
168505,266133,50872,0,0,0,0,0,0,0,0,0,0
168796,266443,51182,0,0,0,0,0,0,0,0,0,0
169087,266287,51026,0,0,0,0,0,0,0,0,0,0
169378,266037,50776,0,0,0,0,0,0,0,0,0,0
169670,266182,50921,0,0,0,0,0,0,0,0,0,0
169961,266102,50841,0,0,0,0,0,0,0,0,0,0
170253,266010,50749,0,0,0,0,0,0,0,0,0,0
170545,266131,50870,0,0,0,0,0,0,0,0,0,0
170836,266397,51136,0,0,0,0,0,0,0,0,0,0
171128,266297,51036,0,0,0,0,0,0,0,0,0,0
171419,266392,51131,0,0,0,0,0,0,0,0,0,0
171710,266040,50779,0,0,0,0,0,0,0,0,0,0
172002,266123,50862,0,0,0,0,0,0,0,0,0,0
172294,266201,50940,0,0,0,0,0,0,0,0,0,0
172585,266157,50896,0,0,0,0,0,0,0,0,0,0
172876,266034,50773,0,0,0,0,0,0,0,0,0,0
173168,266045,50784,0,0,0,0,0,0,0,0,0,0
173460,265979,50718,0,0,0,0,0,0,0,0,0,0
173751,266194,50933,0,0,0,0,0,0,0,0,0,0
174043,266089,50828,0,0,0,0,0,0,0,0,0,0
174334,266326,51065,0,0,0,0,0,0,0,0,0,0
174625,266043,50782,0,0,0,0,0,0,0,0,0,0
174917,265757,50496,0,0,0,0,0,0,0,0,0,0
175209,266028,50767,0,0,0,0,0,0,0,0,0,0
175500,266663,51402,0,0,0,0,0,0,0,0,0,0
175792,266103,50842,0,0,0,0,0,0,0,0,0,0
176083,266228,50967,0,0,0,0,0,0,0,0,0,0
176374,265866,50605,0,0,0,0,0,0,0,0,0,0
176666,266262,51001,0,0,0,0,0,0,0,0,0,0
176957,266023,50762,0,0,0,0,0,0,0,0,0,0
177249,266392,51131,0,0,0,0,0,0,0,0,0,0
177541,266553,51292,0,0,0,0,0,0,0,0,0,0
177832,266260,50999,0,0,0,0,0,0,0,0,0,0
178123,266396,51135,0,0,0,0,0,0,0,0,0,0
178414,266339,51078,0,0,0,0,0,0,0,0,0,0
178707,266312,51051,0,0,0,0,0,0,0,0,0,0
178998,266673,51412,0,0,0,0,0,0,0,0,0,0
179289,266346,51085,0,0,0,0,0,0,0,0,0,0
179581,266052,50791,0,0,0,0,0,0,0,0,0,0
179872,265607,50346,0,0,0,0,0,0,0,0,0,0
180163,265529,50268,0,0,0,0,0,0,0,0,0,0
180455,266186,50925,0,0,0,0,0,0,0,0,0,0
180746,267414,52153,0,0,0,0,0,0,0,0,0,0
181038,270474,55213,0,0,0,0,0,0,0,0,0,0
181330,271064,55803,0,0,0,0,0,0,0,0,0,0
181621,270981,55720,0,0,0,0,0,0,0,0,0,0
181913,271053,55792,0,0,0,0,0,0,0,0,0,0
182204,271126,55865,0,0,0,0,0,0,0,0,0,0
182495,271157,55896,0,0,0,0,0,0,0,0,0,0
182787,271308,56047,0,0,0,0,0,0,0,0,0,0
183079,271204,55943,0,0,0,0,0,0,0,0,0,0
183370,271198,55937,0,0,0,0,0,0,0,0,0,0
183662,271202,55941,0,0,0,0,0,0,0,0,0,0
183953,266706,51445,0,0,0,0,0,0,0,0,0,0
184244,265035,49774,0,0,0,0,0,0,0,0,0,0
184536,265175,49914,0,0,0,0,0,0,0,0,0,0
184827,265194,49933,0,0,0,0,0,0,0,0,0,0
185119,265304,50043,0,0,0,0,0,0,0,0,0,0
185411,265305,50044,0,0,0,0,0,0,0,0,0,0
185702,265121,49860,0,0,0,0,0,0,0,0,0,0
185993,265048,49787,0,0,0,0,0,0,0,0,0,0
186284,265249,49988,0,0,0,0,0,0,0,0,0,0
186576,265587,50326,0,0,0,0,0,0,0,0,0,0
186868,265366,50105,0,0,0,0,0,0,0,0,0,0
187159,265627,50366,0,0,0,0,0,0,0,0,0,0
187451,265580,50319,0,0,0,0,0,0,0,0,0,0
187742,265907,50646,0,0,0,0,0,0,0,0,0,0
188034,265702,50441,0,0,0,0,0,0,0,0,0,0
188325,265940,50679,0,0,0,0,0,0,0,0,0,0
188616,265731,50470,0,0,0,0,0,0,0,0,0,0
188908,265830,50569,0,0,0,0,0,0,0,0,0,0
189199,265958,50697,0,0,0,0,0,0,0,0,0,0
189491,265832,50571,0,0,0,0,0,0,0,0,0,0
189783,265935,50674,0,0,0,0,0,0,0,0,0,0
190074,265891,50630,0,0,0,0,0,0,0,0,0,0
190365,265867,50606,0,0,0,0,0,0,0,0,0,0
190657,266116,50855,0,0,0,0,0,0,0,0,0,0
190948,266097,50836,0,0,0,0,0,0,0,0,0,0
191240,265910,50649,0,0,0,0,0,0,0,0,0,0
191532,265929,50668,0,0,0,0,0,0,0,0,0,0
191823,265729,50468,0,0,0,0,0,0,0,0,0,0
192114,265497,50236,0,0,0,0,0,0,0,0,0,0
192406,265701,50440,0,0,0,0,0,0,0,0,0,0
192698,265965,50704,0,0,0,0,0,0,0,0,0,0
192989,265960,50699,0,0,0,0,0,0,0,0,0,0
193280,265087,49826,0,0,0,0,0,0,0,0,0,0
193572,265305,50044,0,0,0,0,0,0,0,0,0,0
193863,265133,49872,0,0,0,0,0,0,0,0,0,0
194154,264775,49514,0,0,0,0,0,0,0,0,0,0
194447,264967,49706,0,0,0,0,0,0,0,0,0,0
194738,265366,50105,0,0,0,0,0,0,0,0,0,0
195029,265692,50431,0,0,0,0,0,0,0,0,0,0
195320,265350,50089,0,0,0,0,0,0,0,0,0,0
195612,265185,49924,0,0,0,0,0,0,0,0,0,0
195904,265005,49744,0,0,0,0,0,0,0,0,0,0
196195,264984,49723,0,0,0,0,0,0,0,0,0,0
196486,264793,49532,0,0,0,0,0,0,0,0,0,0
196778,264814,49553,0,0,0,0,0,0,0,0,0,0
197069,265138,49877,0,0,0,0,0,0,0,0,0,0
197360,265160,49899,0,0,0,0,0,0,0,0,0,0
197653,265273,50012,0,0,0,0,0,0,0,0,0,0
197944,265352,50091,0,0,0,0,0,0,0,0,0,0
198235,265347,50086,0,0,0,0,0,0,0,0,0,0
198527,265877,50616,0,0,0,0,0,0,0,0,0,0
198819,265354,50093,0,0,0,0,0,0,0,0,0,0
199110,264807,49546,0,0,0,0,0,0,0,0,0,0
199401,265077,49816,0,0,0,0,0,0,0,0,0,0
199693,264922,49661,0,0,0,0,0,0,0,0,0,0
199984,264814,49553,0,0,0,0,0,0,0,0,0,0
200275,264894,49633,0,0,0,0,0,0,0,0,0,0
200568,264958,49697,0,0,0,0,0,0,0,0,0,0
200859,264388,49127,0,0,0,0,0,0,0,0,0,0
201150,264829,49568,0,0,0,0,0,0,0,0,0,0
201442,265060,49799,0,0,0,0,0,0,0,0,0,0
201733,264561,49300,0,0,0,0,0,0,0,0,0,0
202024,264967,49706,0,0,0,0,0,0,0,0,0,0
202315,265071,49810,0,0,0,0,0,0,0,0,0,0
202608,264901,49640,0,0,0,0,0,0,0,0,0,0
202899,264674,49413,0,0,0,0,0,0,0,0,0,0
203190,264467,49206,0,0,0,0,0,0,0,0,0,0
203482,264588,49327,0,0,0,0,0,0,0,0,0,0
203773,264541,49280,0,0,0,0,0,0,0,0,0,0
204065,264437,49176,0,0,0,0,0,0,0,0,0,0
204356,264845,49584,0,0,0,0,0,0,0,0,0,0
204648,264632,49371,0,0,0,0,0,0,0,0,0,0
204939,264614,49353,0,0,0,0,0,0,0,0,0,0
205230,264824,49563,0,0,0,0,0,0,0,0,0,0
205522,264543,49282,0,0,0,0,0,0,0,0,0,0
205814,264545,49284,0,0,0,0,0,0,0,0,0,0
206105,264610,49349,0,0,0,0,0,0,0,0,0,0
206397,264200,48939,0,0,0,0,0,0,0,0,0,0
206688,264365,49104,0,0,0,0,0,0,0,0,0,0
206979,264180,48919,0,0,0,0,0,0,0,0,0,0
207270,264254,48993,0,0,0,0,0,0,0,0,0,0
207563,264283,49022,0,0,0,0,0,0,0,0,0,0
207854,265099,49838,0,0,0,0,0,0,0,0,0,0
208145,264400,49139,0,0,0,0,0,0,0,0,0,0
208437,264371,49110,0,0,0,0,0,0,0,0,0,0
208728,264221,48960,0,0,0,0,0,0,0,0,0,0
209019,264439,49178,0,0,0,0,0,0,0,0,0,0
209312,264133,48872,0,0,0,0,0,0,0,0,0,0
209603,264111,48850,0,0,0,0,0,0,0,0,0,0
209894,264342,49081,0,0,0,0,0,0,0,0,0,0
210185,264626,49365,0,0,0,0,0,0,0,0,0,0
210477,264692,49431,0,0,0,0,0,0,0,0,0,0
210769,264580,49319,0,0,0,0,0,0,0,0,0,0
211060,264602,49341,0,0,0,0,0,0,0,0,0,0
211352,264437,49176,0,0,0,0,0,0,0,0,0,0
211643,264107,48846,0,0,0,0,0,0,0,0,0,0
211934,264107,48846,0,0,0,0,0,0,0,0,0,0
212226,264559,49298,0,0,0,0,0,0,0,0,0,0
212517,264507,49246,0,0,0,0,0,0,0,0,0,0
212809,264646,49385,0,0,0,0,0,0,0,0,0,0
213100,264713,49452,0,0,0,0,0,0,0,0,0,0
213392,264854,49593,0,0,0,0,0,0,0,0,0,0
213683,265238,49977,0,0,0,0,0,0,0,0,0,0
213975,264706,49445,0,0,0,0,0,0,0,0,0,0
214266,265152,49891,0,0,0,0,0,0,0,0,0,0
214558,265597,50336,0,0,0,0,0,0,0,0,0,0
214849,265862,50601,0,0,0,0,0,0,0,0,0,0
215140,265714,50453,0,0,0,0,0,0,0,0,0,0
215432,265977,50716,0,0,0,0,0,0,0,0,0,0
215723,266328,51067,0,0,0,0,0,0,0,0,0,0
216015,265839,50578,0,0,0,0,0,0,0,0,0,0
216306,265425,50164,0,0,1,0,0,0,-1,0,0,0
216598,268843,53582,0,0,0,0,0,0,0,0,0,0
216889,271316,56055,0,0,0,0,0,0,0,0,0,0
217180,271550,56289,0,0,0,0,0,0,0,0,0,0
217472,271323,56062,0,0,0,0,0,0,0,0,0,0
217763,271199,55938,0,0,0,0,0,0,0,0,0,0
218055,271271,56010,0,0,0,0,0,0,0,0,0,0
218346,271450,56189,0,0,0,0,0,0,0,0,0,0
218637,270966,55705,0,0,0,0,0,0,0,0,0,0
218930,271234,55973,0,0,0,0,0,0,0,0,0,0
219221,271675,56414,0,0,0,0,0,0,0,0,0,0
219512,271856,56595,0,0,0,0,0,0,0,0,0,0
219804,271482,56221,0,0,0,0,0,0,0,0,0,0
220095,271387,56126,0,0,0,0,0,0,0,0,0,0
220386,271155,55894,0,0,0,0,0,0,0,0,0,0
220678,271075,55814,0,0,0,0,0,0,0,0,0,0
220969,271404,56143,0,0,1,0,0,0,-1,0,0,0
221261,267311,52050,0,0,0,0,0,0,0,0,0,0
221552,264753,49492,0,0,0,0,0,0,0,0,0,0
221844,264973,49712,0,0,0,0,0,0,0,0,0,0
222135,264736,49475,0,0,0,0,0,0,0,0,0,0
222427,264806,49545,0,0,0,0,0,0,0,0,0,0
222718,264522,49261,0,0,0,0,0,0,0,0,0,0
223010,265061,49800,0,0,0,0,0,0,0,0,0,0
223301,265100,49839,0,0,0,0,0,0,0,0,0,0
223593,265335,50074,0,0,0,0,0,0,0,0,0,0
223884,264720,49459,0,0,0,0,0,0,0,0,0,0
224175,264535,49274,0,0,0,0,0,0,0,0,0,0
224467,264286,49025,0,0,0,0,0,0,0,0,0,0
224759,264198,48937,0,0,0,0,0,0,0,0,0,0
225050,264154,48893,0,0,0,0,0,0,0,0,0,0
225341,264821,49560,0,0,0,0,0,0,0,0,0,0
225633,264576,49315,0,0,0,0,0,0,0,0,0,0
225924,264784,49523,0,0,0,0,0,0,0,0,0,0
226215,264710,49449,0,0,0,0,0,0,0,0,0,0
226507,264923,49662,0,0,0,0,0,0,0,0,0,0
226799,265172,49911,0,0,0,0,0,0,0,0,0,0
227090,264814,49553,0,0,0,0,0,0,0,0,0,0
227381,264829,49568,0,0,0,0,0,0,0,0,0,0
227673,264621,49360,0,0,0,0,0,0,0,0,0,0
227964,264816,49555,0,0,0,0,0,0,0,0,0,0
228255,265071,49810,0,0,0,0,0,0,0,0,0,0
228547,264993,49732,0,0,0,0,0,0,0,0,0,0
228839,264851,49590,0,0,0,0,0,0,0,0,0,0
229130,264911,49650,0,0,0,0,0,0,0,0,0,0
229421,264530,49269,0,0,0,0,0,0,0,0,0,0
229713,264777,49516,0,0,0,0,0,0,0,0,0,0
230004,264797,49536,0,0,0,0,0,0,0,0,0,0
230295,265019,49758,0,0,0,0,0,0,0,0,0,0
230588,264662,49401,0,0,0,0,0,0,0,0,0,0
230879,264231,48970,0,0,0,0,0,0,0,0,0,0
231170,263650,48389,0,0,0,0,0,0,0,0,0,0
231461,263988,48727,0,0,0,0,0,0,0,0,0,0
231753,264627,49366,0,0,0,0,0,0,0,0,0,0
232045,264896,49635,0,0,0,0,0,0,0,0,0,0
232336,264630,49369,0,0,0,0,0,0,0,0,0,0
232627,264382,49121,0,0,0,0,0,0,0,0,0,0
232919,263846,48585,0,0,0,0,0,0,0,0,0,0
233210,264442,49181,0,0,0,0,0,0,0,0,0,0
233501,264852,49591,0,0,0,0,0,0,0,0,0,0
233794,264873,49612,0,0,0,0,0,0,0,0,0,0
234085,264665,49404,0,0,0,0,0,0,0,0,0,0
234376,265029,49768,0,0,0,0,0,0,0,0,0,0
234668,265200,49939,0,0,0,0,0,0,0,0,0,0
234959,265372,50111,0,0,0,0,0,0,0,0,0,0
235250,265319,50058,0,0,0,0,0,0,0,0,0,0
235542,265313,50052,0,0,0,0,0,0,0,0,0,0
235833,264857,49596,0,0,0,0,0,0,0,0,0,0
236125,264964,49703,0,0,0,0,0,0,0,0,0,0
236416,265291,50030,0,0,0,0,0,0,0,0,0,0
236707,265199,49938,0,0,0,0,0,0,0,0,0,0
237000,265151,49890,0,0,0,0,0,0,0,0,0,0
237291,265033,49772,0,0,0,0,0,0,0,0,0,0
237582,264755,49494,0,0,0,0,0,0,0,0,0,0
237873,264885,49624,0,0,0,0,0,0,0,0,0,0
238165,264668,49407,0,0,0,0,0,0,0,0,0,0
238456,264282,49021,0,0,0,0,0,0,0,0,0,0
238748,265046,49785,0,0,0,0,0,0,0,0,0,0
239039,265311,50050,0,0,0,0,0,0,0,0,0,0
239331,265313,50052,0,0,0,0,0,0,0,0,0,0
239622,265018,49757,0,0,0,0,0,0,0,0,0,0
239913,264995,49734,0,0,0,0,0,0,0,0,0,0
240205,265177,49916,0,0,0,0,0,0,0,0,0,0
240497,265410,50149,0,0,0,0,0,0,0,0,0,0
240788,265411,50150,0,0,0,0,0,0,0,0,0,0
241080,265402,50141,0,0,0,0,0,0,0,0,0,0
241371,265135,49874,0,0,0,0,0,0,0,0,0,0
241662,265257,49996,0,0,0,0,0,0,0,0,0,0
241954,264997,49736,0,0,0,0,0,0,0,0,0,0
242245,265383,50122,0,0,0,0,0,0,0,0,0,0
242537,265364,50103,0,0,0,0,0,0,0,0,0,0
242829,265432,50171,0,0,0,0,0,0,0,0,0,0
243120,265362,50101,0,0,0,0,0,0,0,0,0,0
243411,265789,50528,0,0,0,0,0,0,0,0,0,0
243702,265799,50538,0,0,0,0,0,0,0,0,0,0
243994,265624,50363,0,0,0,0,0,0,0,0,0,0
244286,265106,49845,0,0,0,0,0,0,0,0,0,0
244577,265418,50157,0,0,0,0,0,0,0,0,0,0
244869,265781,50520,0,0,0,0,0,0,0,0,0,0
245160,265573,50312,0,0,0,0,0,0,0,0,0,0
245451,265783,50522,0,0,0,0,0,0,0,0,0,0
245742,265793,50532,0,0,0,0,0,0,0,0,0,0
246034,265990,50729,0,0,0,0,0,0,0,0,0,0
246326,265551,50290,0,0,0,0,0,0,0,0,0,0
246617,264982,49721,0,0,0,0,0,0,0,0,0,0
246909,265059,49798,0,0,0,0,0,0,0,0,0,0
247200,265022,49761,0,0,0,0,0,0,0,0,0,0
247491,265411,50150,0,0,0,0,0,0,0,0,0,0
247783,265603,50342,0,0,0,0,0,0,0,0,0,0
248074,265477,50216,0,0,0,0,0,0,0,0,0,0
248366,265278,50017,0,0,0,0,0,0,0,0,0,0
248658,265736,50475,0,0,0,0,0,0,0,0,0,0
248949,265533,50272,0,0,0,0,0,0,0,0,0,0
249240,265562,50301,0,0,0,0,0,0,0,0,0,0
249531,265705,50444,0,0,0,0,0,0,0,0,0,0
249823,265698,50437,0,0,0,0,0,0,0,0,0,0
250114,265586,50325,0,0,0,0,0,0,0,0,0,0
250406,265732,50471,0,0,0,0,0,0,0,0,0,0
250698,265495,50234,0,0,0,0,0,0,0,0,0,0
250989,265578,50317,0,0,0,0,0,0,0,0,0,0
251280,265149,49888,0,0,0,0,0,0,0,0,0,0
251572,265157,49896,0,0,0,0,0,0,0,0,0,0
251863,265705,50444,0,0,0,0,0,0,0,0,0,0
252154,265385,50124,0,0,0,0,0,0,0,0,0,0
252447,265388,50127,0,0,0,0,0,0,0,0,0,0
252738,265474,50213,0,0,0,0,0,0,0,0,0,0
253029,265323,50062,0,0,0,0,0,0,0,0,0,0
253321,265556,50295,0,0,0,0,0,0,0,0,0,0
253612,265314,50053,0,0,0,0,0,0,0,0,0,0
253903,265547,50286,0,0,0,0,0,0,0,0,0,0
254194,265613,50352,0,0,0,0,0,0,0,0,0,0
254487,265370,50109,0,0,0,0,0,0,0,0,0,0
254778,265601,50340,0,0,0,0,0,0,0,0,0,0
255069,265607,50346,0,0,0,0,0,0,0,0,0,0
255361,265694,50433,0,0,0,0,0,0,0,0,0,0
255652,265652,50391,0,0,0,0,0,0,0,0,0,0
255943,265859,50598,0,0,0,0,0,0,0,0,0,0
256235,265727,50466,0,0,0,0,0,0,0,0,0,0
256527,265524,50263,0,0,0,0,0,0,0,0,0,0
256818,265749,50488,0,0,0,0,0,0,0,0,0,0
257110,265527,50266,0,0,0,0,0,0,0,0,0,0
257401,264937,49676,0,0,0,0,0,0,0,0,0,0
257692,261175,45914,0,0,0,0,0,0,0,0,0,0
257983,260741,45480,0,0,0,0,0,0,0,0,0,0
258275,261562,46301,0,0,0,0,0,0,0,0,0,0
258567,261357,46096,0,0,0,0,0,0,0,0,0,0
258858,261245,45984,0,0,0,0,0,0,0,0,0,0
259150,261151,45890,0,0,0,0,0,0,0,0,0,0
259441,261025,45764,0,0,0,0,0,0,0,0,0,0
259732,261217,45956,0,0,0,0,0,0,0,0,0,0
260024,259594,44333,0,0,0,0,0,0,0,0,0,0
260315,259219,43958,0,0,0,0,0,0,0,0,0,0
260607,258051,42790,0,0,0,0,0,0,0,0,0,0
260898,258103,42842,0,0,0,0,0,0,0,0,0,0
261190,258027,42766,0,0,0,0,0,0,0,0,0,0
261481,257470,42209,0,0,0,0,0,0,0,0,0,0
261772,257631,42370,0,0,0,0,0,0,0,0,0,0
262064,263227,47966,0,0,0,0,0,0,0,0,0,0
262355,265463,50202,0,0,0,0,0,0,0,0,0,0
262647,265334,50073,0,0,0,0,0,0,0,0,0,0
262939,265709,50448,0,0,0,0,0,0,0,0,0,0
263230,265436,50175,0,0,0,0,0,0,0,0,0,0
263521,265660,50399,0,0,0,0,0,0,0,0,0,0
263812,265192,49931,0,0,0,0,0,0,0,0,0,0
264105,265418,50157,0,0,0,0,0,0,0,0,0,0
264396,265328,50067,0,0,0,0,0,0,0,0,0,0
264687,265186,49925,0,0,0,0,0,0,0,0,0,0
264978,265205,49944,0,0,0,0,0,0,0,0,0,0
265270,265063,49802,0,0,0,0,0,0,0,0,0,0
265561,265036,49775,0,0,0,0,0,0,0,0,0,0
265853,264997,49736,0,0,0,0,0,0,0,0,0,0
266144,265117,49856,0,0,0,0,0,0,0,0,0,0
266436,265321,50060,0,0,0,0,0,0,0,0,0,0
266727,265163,49902,0,0,0,0,0,0,0,0,0,0
267019,264921,49660,0,0,0,0,0,0,0,0,0,0
267310,265023,49762,0,0,0,0,0,0,0,0,0,0
267602,265135,49874,0,0,0,0,0,0,0,0,0,0
267893,265520,50259,0,0,0,0,0,0,0,0,0,0
268184,266093,50832,0,0,0,0,0,0,0,0,0,0
268475,266500,51239,0,0,0,0,0,0,0,0,0,0
268768,261529,46268,0,0,0,0,0,0,0,0,0,0
269059,259159,43898,0,0,0,0,0,0,0,0,0,0
269350,259364,44103,0,0,0,0,0,0,0,0,0,0
269642,259707,44446,0,0,0,0,0,0,0,0,0,0
269933,258949,43688,0,0,0,0,0,0,0,0,0,0
270224,258853,43592,0,0,0,0,0,0,0,0,0,0
270516,259395,44134,0,0,0,0,0,0,0,0,0,0
270808,259227,43966,0,0,0,0,0,0,0,0,0,0
271099,259350,44089,0,0,0,0,0,0,0,0,0,0
271390,259023,43762,0,0,0,0,0,0,0,0,0,0
271681,258793,43532,0,0,0,0,0,0,0,0,0,0
271973,259190,43929,0,0,0,0,0,0,0,0,0,0
272265,259068,43807,0,0,0,0,0,0,0,0,0,0
272556,259318,44057,0,0,0,0,0,0,0,0,0,0
272847,259467,44206,0,0,0,0,0,0,0,0,0,0
273139,259516,44255,0,0,0,0,0,0,0,0,0,0
273430,259535,44274,0,0,0,0,0,0,0,0,0,0
273721,259325,44064,0,0,0,0,0,0,0,0,0,0
274014,259184,43923,0,0,0,0,0,0,0,0,0,0
274305,259047,43786,0,0,0,0,0,0,0,0,0,0
274596,256842,41581,0,0,0,0,0,0,0,0,0,0
274888,256938,41677,0,0,0,0,0,0,0,0,0,0
275179,257044,41783,0,0,0,0,0,0,0,0,0,0
275470,257041,41780,0,0,0,0,0,0,0,0,0,0
275761,256881,41620,0,0,0,0,0,0,0,0,0,0
276054,256749,41488,0,0,0,0,0,0,0,0,0,0
276345,256846,41585,0,0,0,0,0,0,0,0,0,0
276636,256790,41529,0,0,0,0,0,0,0,0,0,0
276928,256411,41150,0,0,0,0,0,0,0,0,0,0
277219,256238,40977,0,0,0,0,0,0,0,0,0,0
277510,256291,41030,0,0,0,0,0,0,0,0,0,0
277802,257047,41786,0,0,0,0,0,0,0,0,0,0
278093,257145,41884,0,0,0,0,0,0,0,0,0,0
278384,257010,41749,0,0,0,0,0,0,0,0,0,0
278676,257089,41828,0,0,0,0,0,0,0,0,0,0
278968,257050,41789,0,0,0,0,0,0,0,0,0,0
279259,257012,41751,0,0,0,0,0,0,0,0,0,0
279551,256858,41597,0,0,0,0,0,0,0,0,0,0
279842,256832,41571,0,0,0,0,0,0,0,0,0,0
280133,256898,41637,0,0,0,0,0,0,0,0,0,0
280425,256724,41463,0,0,0,0,0,0,0,0,0,0
280716,256977,41716,0,0,0,0,0,0,0,0,0,0
281007,256879,41618,0,0,0,0,0,0,0,0,0,0
281299,256912,41651,0,0,0,0,0,0,0,0,0,0
281590,261381,46120,0,0,0,0,0,0,0,0,0,0
281881,263275,48014,0,0,0,0,0,0,0,0,0,0
282174,263505,48244,0,0,0,0,0,0,0,0,0,0
282465,263362,48101,0,0,0,0,0,0,0,0,0,0
282756,263298,48037,0,0,0,0,0,0,0,0,0,0
283048,263395,48134,0,0,0,0,0,0,0,0,0,0
283339,263534,48273,0,0,0,0,0,0,0,0,0,0
283630,263104,47843,0,0,0,0,0,0,0,0,0,0
283922,262975,47714,0,0,0,0,0,0,0,0,0,0
284213,263210,47949,0,0,0,0,0,0,0,0,0,0
284504,263347,48086,0,0,0,0,0,0,0,0,0,0
284796,263404,48143,0,0,0,0,0,0,0,0,0,0
285087,263547,48286,0,0,0,0,0,0,0,0,0,0
285379,263548,48287,0,0,0,0,0,0,0,0,0,0
285671,263319,48058,0,0,0,0,0,0,0,0,0,0
285962,263424,48163,0,0,0,0,0,0,0,0,0,0
286253,263477,48216,0,0,0,0,0,0,0,0,0,0
286544,263465,48204,0,0,0,0,0,0,0,0,0,0
286836,263387,48126,0,0,0,0,0,0,0,0,0,0
287127,263357,48096,0,0,0,0,0,0,0,0,0,0
287418,263321,48060,0,0,0,0,0,0,0,0,0,0
287711,263553,48292,0,0,0,0,0,0,0,0,0,0
288002,263562,48301,0,0,0,0,0,0,0,0,0,0
288293,263669,48408,0,0,0,0,0,0,0,0,0,0
288584,263448,48187,0,0,0,0,0,0,0,0,0,0
288876,263386,48125,0,0,0,0,0,0,0,0,0,0
289167,263766,48505,0,0,0,0,0,0,0,0,0,0
289458,265456,50195,0,0,0,0,0,0,0,0,0,0
289750,266771,51510,0,0,0,0,0,0,0,0,0,0
290041,266331,51070,0,0,0,0,0,0,0,0,0,0
290333,261069,45808,0,0,0,0,0,0,0,0,0,0
290625,260255,44994,0,0,0,0,0,0,0,0,0,0
290916,260259,44998,0,0,0,0,0,0,0,0,0,0
291207,263919,48658,0,0,0,0,0,0,0,0,0,0
291499,266632,51371,0,0,0,0,0,0,0,0,0,0
291790,266822,51561,0,0,1,0,0,0,-1,0,0,0
292081,262536,47275,0,0,0,0,0,0,0,0,0,0
292373,260195,44934,0,0,0,0,0,0,0,0,0,0
292664,260153,44892,0,0,0,0,0,0,0,0,0,0
292955,260117,44856,0,0,0,0,0,0,0,0,0,0
293247,260036,44775,0,0,0,0,0,0,0,0,0,0
293539,260045,44784,0,0,0,0,0,0,0,0,0,0
293830,260101,44840,0,0,0,0,0,0,0,0,0,0
294121,259909,44648,0,0,0,0,0,0,0,0,0,0
294413,259589,44328,0,0,0,0,0,0,0,0,0,0
294704,259909,44648,0,0,0,0,0,0,0,0,0,0
294995,259887,44626,0,0,0,0,0,0,0,0,0,0
295287,259628,44367,0,0,0,0,0,0,0,0,0,0
295578,259977,44716,0,0,0,0,0,0,0,0,0,0
295870,259675,44414,0,0,0,0,0,0,0,0,0,0
296161,259868,44607,0,0,0,0,0,0,0,0,0,0
296453,259838,44577,0,0,0,0,0,0,0,0,0,0
296744,259879,44618,0,0,0,0,0,0,0,0,0,0
297035,260019,44758,0,0,0,0,0,0,0,0,0,0
297327,259695,44434,0,0,0,0,0,0,0,0,0,0
297618,259616,44355,0,0,0,0,0,0,0,0,0,0
297909,259580,44319,0,1,0,0,0,0,1,0,0,0
298201,257387,42126,0,0,0,0,0,0,0,0,0,0
298493,257030,41769,0,0,0,0,0,0,0,0,0,0
298784,256707,41446,0,0,0,0,0,0,0,0,0,0
299075,256937,41676,0,0,0,0,0,0,0,0,0,0
299367,256795,41534,0,0,0,0,0,0,0,0,0,0
299658,256592,41331,0,0,0,0,0,0,0,0,0,0
299949,256785,41524,0,0,0,0,0,0,0,0,0,0
300241,257016,41755,0,0,0,0,0,0,0,0,0,0
300532,256852,41591,0,0,0,0,0,0,0,0,0,0
300823,257024,41763,0,0,0,0,0,0,0,0,0,0
301115,257255,41994,0,0,0,0,0,0,0,0,0,0
301406,257037,41776,0,0,0,0,0,0,0,0,0,0
301697,257146,41885,0,0,0,0,0,0,0,0,0,0
301990,257073,41812,0,0,0,0,0,0,0,0,0,0
302281,256959,41698,0,0,0,0,0,0,0,0,0,0
302572,256634,41373,0,0,0,0,0,0,0,0,0,0
302864,256450,41189,0,0,0,0,0,0,0,0,0,0
303155,256349,41088,0,0,0,0,0,0,0,0,0,0
303446,256331,41070,0,0,0,0,0,0,0,0,0,0
303738,256382,41121,0,0,0,0,0,0,0,0,0,0
304029,256462,41201,0,0,0,0,0,0,0,0,0,0
304320,255938,40677,0,0,0,0,0,0,0,0,0,0
304611,256064,40803,0,0,0,0,0,0,0,0,0,0
304904,256037,40776,0,0,0,0,0,0,0,0,0,0
305195,256538,41277,0,0,0,0,0,0,0,0,0,0
305486,256258,40997,0,0,0,0,0,0,0,0,0,0
305777,256706,41445,0,0,0,0,0,0,0,0,0,0
306069,256979,41718,0,0,0,0,0,0,0,0,0,0
306360,256742,41481,0,0,0,0,0,0,0,0,0,0
306651,256692,41431,0,0,0,0,0,0,0,0,0,0
306943,257254,41993,0,0,0,0,0,0,0,0,0,0
307235,262083,46822,0,0,0,0,0,0,0,0,0,0
307526,263069,47808,0,0,0,0,0,0,0,0,0,0
307817,263255,47994,0,0,0,0,0,0,0,0,0,0
308109,263413,48152,0,0,0,0,0,0,0,0,0,0
308400,263474,48213,0,0,0,0,0,0,0,0,0,0
308691,263586,48325,0,0,0,0,0,0,0,0,0,0
308983,263717,48456,0,0,0,0,0,0,0,0,0,0
309275,263478,48217,0,0,0,0,0,0,0,0,0,0
309566,263314,48053,0,0,0,0,0,0,0,0,0,0
309857,263590,48329,0,0,0,0,0,0,0,0,0,0
310149,263864,48603,0,0,0,0,0,0,0,0,0,0
310440,264303,49042,0,0,0,0,0,0,0,0,0,0
310731,264120,48859,0,0,0,0,0,0,0,0,0,0
311022,263854,48593,0,0,0,0,0,0,0,0,0,0
311315,263983,48722,0,0,0,0,0,0,0,0,0,0
311606,263672,48411,0,0,0,0,0,0,0,0,0,0
311897,263489,48228,0,0,0,0,0,0,0,0,0,0
312189,263384,48123,0,0,0,0,0,0,0,0,0,0
312480,263407,48146,0,0,0,0,0,0,0,0,0,0
312771,263884,48623,0,0,0,0,0,0,0,0,0,0
313062,263930,48669,0,0,0,0,0,0,0,0,0,0
313354,264102,48841,0,0,0,0,0,0,0,0,0,0
313646,264318,49057,0,0,0,0,0,0,0,0,0,0
313937,263759,48498,0,0,0,0,0,0,0,0,0,0
314228,263995,48734,0,0,0,0,0,0,0,0,0,0
314519,264017,48756,0,0,0,0,0,0,0,0,0,0
314812,264069,48808,0,0,0,0,0,0,0,0,0,0
315103,263153,47892,0,0,0,0,0,0,0,0,0,0
315394,263591,48330,0,0,0,0,0,0,0,0,0,0
315685,263798,48537,0,0,0,0,0,0,0,0,0,0
315976,263411,48150,0,0,0,0,0,0,0,0,0,0
316269,263618,48357,0,0,0,0,0,0,0,0,0,0
316560,263726,48465,0,0,0,0,0,0,0,0,0,0
316851,263252,47991,0,0,0,0,0,0,0,0,0,0
317142,262920,47659,0,0,0,0,0,0,0,0,0,0
317433,264734,49473,0,0,0,0,0,0,0,0,0,0
317726,266907,51646,0,0,0,0,0,0,0,0,0,0
318017,267262,52001,0,0,0,0,0,0,0,0,0,0
318309,267310,52049,0,0,0,0,0,0,0,0,0,0
318600,267253,51992,0,0,0,0,0,0,0,0,0,0
318891,266908,51647,0,0,0,0,0,0,0,0,0,0
319182,266872,51611,0,0,0,0,0,0,0,0,0,0
319473,266880,51619,0,0,0,0,0,0,0,0,0,0
319766,267219,51958,0,0,0,0,0,0,0,0,0,0
320057,266951,51690,0,0,0,0,0,0,0,0,0,0
320348,266971,51710,0,0,0,0,0,0,0,0,0,0
320639,266671,51410,0,0,0,0,0,0,0,0,0,0
320930,266641,51380,0,0,0,0,0,0,0,0,0,0
321222,267244,51983,0,0,0,0,0,0,0,0,0,0
321513,267576,52315,0,0,0,0,0,0,0,0,0,0
321806,267845,52584,0,0,0,0,0,0,0,0,0,0
322097,267814,52553,0,0,0,0,0,0,0,0,0,0
